{"cameraMode":{"drawMode":0,"name":"Shaded","section":"Shading Mode"},"sceneLighting":true,"audioPlay":false,"sceneViewState":{"showFog":true,"showMaterialUpdate":false,"showSkybox":true,"showFlares":true,"showImageEffects":true,"showParticleSystems":true},"in2DMode":false,"pivot":{"x":44.016448974609378,"y":2.3191347122192385,"z":-0.1675245761871338},"rotation":{"x":-0.14825499057769776,"y":-0.3926626741886139,"z":0.06429983675479889,"w":-0.9053753018379211},"size":2.246670722961426,"orthographic":false}